metric_group,stratum_column,stratum_value,method_kind,system_name,display_name,sample_count,raw_soft_MAE,raw_soft_MSE,raw_soft_regret,hard_top1_MAE,hard_top1_MSE,hard_top1_regret,oracle_label_accuracy,weight_entropy,normalized_weight_entropy,mean_max_weight,MAE_std,MSE_std,source_file,round1_raw_soft_MAE,round2_raw_soft_MAE,delta_raw_soft_MAE_round2_minus_round1,round1_raw_soft_MSE,round2_raw_soft_MSE,delta_raw_soft_MSE_round2_minus_round1,round1_raw_soft_regret,round2_raw_soft_regret,delta_raw_soft_regret_round2_minus_round1,round1_hard_top1_MAE,round2_hard_top1_MAE,delta_hard_top1_MAE_round2_minus_round1,round1_oracle_label_accuracy,round2_oracle_label_accuracy,delta_oracle_label_accuracy_round2_minus_round1,round1_weight_entropy,round2_weight_entropy,delta_weight_entropy_round2_minus_round1,round1_mean_max_weight,round2_mean_max_weight,delta_mean_max_weight_round2_minus_round1,round1_high_error_rate_top5,round2_high_error_rate_top5,round1_high_regret_rate_top5,round2_high_regret_rate_top5,round1_selected_ratio_CrossFormer,round2_selected_ratio_CrossFormer,delta_selected_ratio_CrossFormer_round2_minus_round1,oracle_ratio_CrossFormer,round1_selected_ratio_DLinear,round2_selected_ratio_DLinear,delta_selected_ratio_DLinear_round2_minus_round1,oracle_ratio_DLinear,round1_selected_ratio_ES,round2_selected_ratio_ES,delta_selected_ratio_ES_round2_minus_round1,oracle_ratio_ES,round1_selected_ratio_NaiveForecaster,round2_selected_ratio_NaiveForecaster,delta_selected_ratio_NaiveForecaster_round2_minus_round1,oracle_ratio_NaiveForecaster,round1_selected_ratio_PatchTST,round2_selected_ratio_PatchTST,delta_selected_ratio_PatchTST_round2_minus_round1,oracle_ratio_PatchTST
overall,overall,pilot_selection,raw_soft_fusion,round1_film_mean_patch_aux,Round1 film_mean_patch_aux,30000,0.30039319767940614,1.28987162021779,0.0336619940473476,,,,0.5521666666666666,1.1359745164847483,0.705820639405292,0.5023525087240669,0.0005415206000238382,0.1646497573801887,experiment_summaries/visual_router_v2_round1/p2e_film/round1_film_variant_seed_results.csv,,,,,,,,,,,,,,,,,,,,,,,,,,,,,,,,,,,,,,,,,,,,,
overall,overall,pilot_selection,hard_top1,round1_film_mean_patch_aux,Round1 film_mean_patch_aux,30000,,,,0.3178284423188526,1.3785996552211823,0.051097238686793924,0.5521666666666666,1.1359745164847483,0.705820639405292,0.5023525087240669,0.00042946304773824396,0.15579053685047908,experiment_summaries/visual_router_v2_round1/p2e_film/round1_film_variant_seed_results.csv,,,,,,,,,,,,,,,,,,,,,,,,,,,,,,,,,,,,,,,,,,,,,
overall,overall,pilot_test,raw_soft_fusion,round1_film_mean_patch_aux,Round1 film_mean_patch_aux,75000,0.41782391367984983,183.35398509131247,0.07753898966708861,,,,0.51556,1.1222319548589617,0.6972819058862673,0.5145078966481155,0.0006571035266904905,0.1571468171568606,experiment_summaries/visual_router_v2_round1/p2e_film_final_test_extension/round1_film_final_test_extension_variant_seed_results.csv,,,,,,,,,,,,,,,,,,,,,,,,,,,,,,,,,,,,,,,,,,,,,
overall,overall,pilot_test,hard_top1,round1_film_mean_patch_aux,Round1 film_mean_patch_aux,75000,,,,0.4318506274050567,183.4774113179798,0.09156570339229557,0.51556,1.1222319548589617,0.6972819058862673,0.5145078966481155,0.0009088927347024911,0.1294783015772492,experiment_summaries/visual_router_v2_round1/p2e_film_final_test_extension/round1_film_final_test_extension_variant_seed_results.csv,,,,,,,,,,,,,,,,,,,,,,,,,,,,,,,,,,,,,,,,,,,,,
overall,overall,pilot_selection,raw_soft_fusion,round2_spatial_panel_3view,Round2 spatial_panel_3view + film_mean_patch_aux,30000,0.3002268343315664,1.269413468185334,0.03349563069950783,,,,0.5496555555555556,1.1427316150452798,0.7100190632815727,0.4980334579509165,0.0005459253748224863,0.20450017274028937,experiment_summaries/visual_router_v2_round2/p0_spatial_panel_mainline/round2_p0_spatial_variant_seed_results.csv,,,,,,,,,,,,,,,,,,,,,,,,,,,,,,,,,,,,,,,,,,,,,
overall,overall,pilot_selection,hard_top1,round2_spatial_panel_3view,Round2 spatial_panel_3view + film_mean_patch_aux,30000,,,,0.3184876168419554,1.329941153849791,0.0517564132098968,0.5496555555555556,1.1427316150452798,0.7100190632815727,0.4980334579509165,0.0005826302017305982,0.2085904149821392,experiment_summaries/visual_router_v2_round2/p0_spatial_panel_mainline/round2_p0_spatial_variant_seed_results.csv,,,,,,,,,,,,,,,,,,,,,,,,,,,,,,,,,,,,,,,,,,,,,
overall,overall,pilot_test,raw_soft_fusion,round2_spatial_panel_3view,Round2 spatial_panel_3view + film_mean_patch_aux,75000,0.41355815497163473,182.77116559596718,0.07327323095887356,,,,0.5217333333333333,1.105016154730193,0.6865851306029279,0.5181608035686943,0.0022087742458668323,0.09288248801238547,experiment_summaries/visual_router_v2_round2/p0_spatial_panel_mainline/round2_p0_spatial_variant_seed_results.csv,,,,,,,,,,,,,,,,,,,,,,,,,,,,,,,,,,,,,,,,,,,,,
overall,overall,pilot_test,hard_top1,round2_spatial_panel_3view,Round2 spatial_panel_3view + film_mean_patch_aux,75000,,,,0.42847866247945765,182.95753274020694,0.08819373846669654,0.5217333333333333,1.105016154730193,0.6865851306029279,0.5181608035686943,0.002478709719017109,0.1726045155927364,experiment_summaries/visual_router_v2_round2/p0_spatial_panel_mainline/round2_p0_spatial_variant_seed_results.csv,,,,,,,,,,,,,,,,,,,,,,,,,,,,,,,,,,,,,,,,,,,,,
strata,oracle_model,CrossFormer,,,,7417,,,,,,,,,,,,,,0.6353155779349056,0.6259987357226644,-0.009316842212241161,1.484637080130683,1.4494913928206017,-0.035145687310081275,0.10466426078170374,0.09534741856946252,-0.009316842212241216,0.6867519527135085,0.6750966455990796,-0.01165530711442897,0.11082647970877714,0.17284616421733856,0.06201968450856142,1.0577255566272419,1.0460728300589472,-0.011652726568294636,0.5604102347545219,0.5523884794194105,-0.008021755335111402,0.0969394633949036,0.09545638398274235,0.08183901847107995,0.07846838344344075,0.11082647970877714,0.17284616421733856,0.06201968450856142,1.0,0.1639027459440025,0.14340928497595615,-0.020493460968046356,0.0,0.08988360073704553,0.10844456428924543,0.018560963552199897,0.0,0.028897577636960138,0.03330187407307537,0.004404296436115229,0.0,0.6064895959732147,0.5419981124443846,-0.06449148352883016,0.0
strata,oracle_model,DLinear,,,,9432,,,,,,,,,,,,,,0.6280594331071332,0.6249930853990788,-0.003066347708054362,7.755282218808541,6.67871752230657,-1.076564696501971,0.1056617248394854,0.10259537713143108,-0.0030663477080543206,0.66184934179299,0.6637449359890205,0.00189559419603047,0.35224059937800395,0.3302940344925077,-0.021946564885496234,0.9838935120365001,0.9856463717154795,0.0017528596789794237,0.6034040917848585,0.5984021434257614,-0.005001948359097175,0.07771416454622561,0.08110687022900763,0.06308312128922816,0.07251908396946564,0.04792196776929601,0.06237630760531524,0.01445433983601923,0.0,0.35224059937800395,0.33029403449250777,-0.021946564885496178,1.0,0.08442889454339836,0.10287673169352558,0.018447837150127225,0.0,0.10499717274526435,0.10877862595419847,0.003781453208934124,0.0,0.41041136556403734,0.39567430025445294,-0.014737065309584407,0.0
strata,oracle_model,ES,,,,31097,,,,,,,,,,,,,,0.23284944900074422,0.23190335444403845,-0.0009460945567057732,432.0863933535202,432.05255562473235,-0.0338377287878302,0.04726178274502673,0.04631568818832094,-0.0009460945567057871,0.24364526577387002,0.24237546472574947,-0.0012698010481205502,0.522001050476466,0.5415634948708878,0.019562444394421785,1.433158271005678,1.4185463012305868,-0.014611969775091271,0.34205478927681665,0.3464837116481453,0.004428922371328636,0.027623243399684857,0.02739814129980384,0.04093642473550503,0.03894266327941602,0.02462188206793796,0.029713477184294304,0.0050915951163563455,0.0,0.2804450590089076,0.04895434715031461,-0.231490711858593,0.0,0.5220010504764662,0.5415634948708878,0.019562444394421674,1.0,0.042265599039564374,0.258781661682263,0.21651606264269865,0.0,0.13066640940712396,0.12098701911224019,-0.009679390294883766,0.0
strata,oracle_model,NaiveForecaster,,,,11038,,,,,,,,,,,,,,0.3695851662010294,0.3638453756626225,-0.005739790538406897,8.439754451320551,6.451201926692905,-1.9885525246276465,0.10658481912326198,0.10084502858485513,-0.005739790538406855,0.377925476065468,0.36956995755773925,-0.008355518507728754,0.5726882889412334,0.5717219303013831,-0.0009663586398502844,0.7247422543221012,0.6845581279436725,-0.04018412637842861,0.7130415912119312,0.7335134859820591,0.020471894770127896,0.033067584707374524,0.03279579633991665,0.05073382859213626,0.05381409675665882,0.022800024158965995,0.02787340701817962,0.005073382859213625,0.0,0.10406474602886996,0.09198526303074228,-0.01207948299812768,0.0,0.17137766503593646,0.18922510116567012,0.017847436129733663,0.0,0.5726882889412334,0.5717219303013831,-0.0009663586398502844,1.0,0.12906927583499425,0.11919429848402488,-0.009874977350969372,0.0
strata,oracle_model,PatchTST,,,,16016,,,,,,,,,,,,,,0.5856893688359113,0.5776267700314188,-0.008062598804492449,8.593963723103094,7.951185641698849,-0.642778081404245,0.08718438577816331,0.07912178697367081,-0.008062598804492505,0.5809450921410468,0.5776600031970252,-0.0032850889440216857,0.7472943722943722,0.7230894105894106,-0.02420496170496167,0.9038171078121049,0.8836279907958956,-0.02018911701620929,0.6389105443170036,0.6399687849409454,0.0010582406239418862,0.06705794205794206,0.06637112887112886,0.044642857142857144,0.042395104895104896,0.05636030636030636,0.083999333999334,0.02763902763902764,0.0,0.11082667332667333,0.10019147519147518,-0.010635198135198143,0.0,0.0653096903096903,0.07244838494838494,0.00713869463869464,0.0,0.020208957708957708,0.020271395271395272,6.243756243756379e-05,0.0,0.7472943722943723,0.7230894105894106,-0.02420496170496178,1.0
strata,dataset_name,TEST_DATA_HOUR,,,,7192,,,,,,,,,,,,,,0.28268875786909925,0.28060790821084947,-0.0020808496582497837,1.3359817831043692,1.1243752483124974,-0.21160653479187186,0.030686954252435956,0.0286061045941862,-0.002080849658249756,0.30346455472432937,0.3033443779892574,-0.00012017673507197513,0.5665554319614386,0.5591397849462365,-0.0074156470152021425,1.1306862689826243,1.1473960683374114,0.016709799354787114,0.5037143569077756,0.49570837199361983,-0.008005984914155717,0.0182146829810901,0.0182146829810901,0.01918798665183537,0.020022246941045607,0.05075083426028921,0.05204857248794957,0.0012977382276603625,0.09899888765294772,0.5938542825361512,0.4862810530218762,-0.10757322951427506,0.3549777530589544,0.2277994067482388,0.2396180941787171,0.011818687430478314,0.32661290322580644,0.03439006303299963,0.1267612161661105,0.09237115313311087,0.06743604004449388,0.0932054134223211,0.09529106414534669,0.002085650723025592,0.15197441601779754
strata,dataset_name,TEST_DATA_MIN,,,,67808,,,,,,,,,,,,,,0.4321569133346238,0.4276594140369894,-0.0044974992976343775,202.659575579052,202.03738368498804,-0.6221918940639455,0.08250831244171969,0.07801081314408526,-0.004497499297634433,0.4454677910836757,0.44175092790615544,-0.0037168631775202354,0.5101512112631744,0.5177658486707566,0.00761463740758217,1.1213352549536793,1.100521163893373,-0.020814091060306295,0.5156527046031139,0.5205422023400478,0.004889497736933923,0.05337128362435111,0.05337128362435111,0.05326805096743747,0.05317956583294007,0.04172074091552619,0.06006665880132138,0.01834591788579519,0.09888213780084945,0.17566757118137485,0.07114204813591317,-0.10452552304546169,0.10144820670127419,0.2801291882963662,0.29703476482617586,0.016905576529809674,0.42396177442189714,0.13149874154475383,0.2218617272298254,0.09036298568507156,0.15563060405851817,0.3709837580619789,0.3498948010067642,-0.02108895705521474,0.22007727701746108
strata,group_name,HIGH_HIGH_HIGH,,,,2305,,,,,,,,,,,,,,0.10495932063176874,0.10405051669807742,-0.0009088039336913184,0.09932795073690356,0.09756517496918583,-0.0017627757677177308,0.012972763631587428,0.012063959697896115,-0.0009088039336913132,0.11689170227410128,0.11878511111150325,0.0018934088374019664,0.5798987707881417,0.5736804049168475,-0.006218365871294207,1.3935705471152386,1.4031316573342374,0.009561110218998747,0.3547142833255808,0.3492711516949721,-0.005443131630608722,0.005206073752711497,0.005639913232104121,0.009978308026030369,0.00911062906724512,0.01200289226319595,0.01388286334056399,0.0018799710773680402,0.06594360086767896,0.4856109906001446,0.2727404193781634,-0.21287057122198122,0.15140997830802602,0.4279103398409255,0.4344179320318149,0.006507592190889366,0.6464208242950108,0.011858279103398409,0.2195227765726681,0.2076644974692697,0.025596529284164858,0.0626174981923355,0.05943600867678959,-0.003181489515545914,0.11062906724511931
strata,group_name,HIGH_HIGH_LOW,,,,2383,,,,,,,,,,,,,,0.5495821156469005,0.5336369080485014,-0.015945207598399125,28.469020522468863,23.666110048720732,-4.802910473748131,0.12447879701558634,0.1085335894171872,-0.01594520759839914,0.5693083547934175,0.5648106906588463,-0.0044976641345712,0.5195132186319765,0.5204923765561618,0.0009791579241852366,1.0723387319684967,1.077004457178268,0.004665725209771265,0.541551008585,0.5394622457537689,-0.0020887628312311612,0.043642467477968946,0.045740663029794376,0.028115820394460762,0.03441040704993705,0.046020422436704435,0.06126731011330256,0.015246887676598125,0.08812421317666806,0.5393761365225905,0.45558819415302837,-0.08378794236956216,0.33067561896768777,0.1731710728773255,0.19834941949923066,0.025178346621905157,0.25346202266051193,0.12029654497132466,0.16827528325639948,0.04797873828507482,0.16407889215274862,0.12113582319205483,0.11651979297803888,-0.004616030214015951,0.16365925304238355
strata,group_name,HIGH_LOW_HIGH,,,,15006,,,,,,,,,,,,,,0.356968139340621,0.3517844252362391,-0.005183714104381898,7.144235897313437,6.450135583401475,-0.6941003139119619,0.06311043789832711,0.057926723793945235,-0.005183714104381877,0.37112480821362454,0.36525696401025326,-0.005867844203371275,0.575214358700964,0.5809231862810432,0.005708827580079179,1.028579784681849,1.0194053284572735,-0.009174456224575467,0.5612438622880471,0.5548770196126479,-0.00636684267539922,0.02379048380647741,0.023923763827802213,0.040983606557377046,0.038984406237505,0.05044648807143809,0.07541427873295127,0.02496779066151318,0.13168066106890577,0.10913412412812652,0.006597361055577769,-0.10253676307254875,0.08643209382913501,0.2170909414012173,0.22879736994091252,0.011706428539695224,0.373583899773424,0.012661602025856325,0.11060020436269936,0.09793860233684304,0.034852725576436094,0.6106668443733617,0.5785907859078591,-0.032076058465502655,0.37345061975209914
strata,group_name,HIGH_LOW_LOW,,,,13589,,,,,,,,,,,,,,0.7705252099285337,0.7634449461286273,-0.007080263799906339,995.325522748741,994.0258790799527,-1.2996436687883488,0.15247566549144287,0.14539540169153647,-0.007080263799906394,0.7952150495610681,0.7907519071882765,-0.004463142372791662,0.3735374199720362,0.3870777835013614,0.013540363529325194,1.0991242464891045,1.0767761833307523,-0.02234806315835214,0.5442101518098164,0.5489734302270748,0.004763278417258432,0.11141364338803444,0.11141364338803444,0.09640150121421738,0.09632791228199279,0.057595604287781786,0.08151200726077465,0.023916402972992863,0.14379277356685555,0.15740672602840533,0.11342507420217332,-0.04398165182623201,0.16138052836853337,0.18461010130743002,0.21343243309539578,0.028822331787965755,0.2755905511811024,0.07751367527657174,0.09929599921505139,0.021782323938479647,0.1298108764441828,0.5228738930998111,0.49233448622660486,-0.030539406873206276,0.2894252704393259
strata,group_name,LOW_HIGH_HIGH,,,,7600,,,,,,,,,,,,,,0.2790070311878495,0.2785167810409831,-0.0004902501468663778,0.5528417400702083,0.5306819544382666,-0.022159785631941653,0.039940068726978195,0.03944981858011174,-0.0004902501468664541,0.2845690791929683,0.2843712968733285,-0.0001977823196397943,0.672938596491228,0.6764035087719299,0.003464912280701893,0.7934328237771684,0.783263456048203,-0.010169367728965373,0.6683095740330847,0.6759364130295682,0.0076268389964835315,0.021052631578947368,0.021052631578947368,0.025,0.026578947368421053,0.019210526315789473,0.021710526315789475,0.0025000000000000022,0.03671052631578947,0.23469298245614034,0.1699561403508772,-0.06473684210526315,0.1792105263157895,0.18592105263157896,0.2049561403508772,0.019035087719298238,0.24657894736842106,0.5125,0.5575,0.04500000000000004,0.4861842105263158,0.047675438596491225,0.04587719298245614,-0.0017982456140350836,0.05131578947368421
strata,group_name,LOW_HIGH_LOW,,,,4818,,,,,,,,,,,,,,0.39035583193777823,0.3817124285558102,-0.008643403381968007,2.8204612434211036,2.2530758871288654,-0.5673853562922382,0.06535081018246772,0.05670740680049962,-0.008643403381968097,0.40158314862021244,0.39509757026278225,-0.006485578357430188,0.5600525806005259,0.5689082606890826,0.00885568008855675,0.9172493364409272,0.9020290157184733,-0.01522032072245394,0.6174411836094558,0.6265170728076176,0.009075889198161824,0.030303030303030304,0.029057700290577002,0.0352843503528435,0.03549190535491906,0.0380517503805175,0.0372215303722153,-0.0008302200083021988,0.0767953507679535,0.3551266085512661,0.3095336930953369,-0.045592915455929195,0.25653798256537985,0.18929016189290163,0.20707070707070707,0.017780545177805446,0.21710253217102532,0.3356164383561644,0.36135325861353257,0.025736820257368176,0.3414279784142798,0.08191504081915041,0.08482081084820811,0.0029057700290577027,0.10813615608136157
strata,group_name,LOW_LOW_HIGH,,,,14693,,,,,,,,,,,,,,0.1682017117885379,0.16983633656103567,0.0016346247724977614,0.6281991103734739,0.6584316783955914,0.03023256802211749,0.029383958122779028,0.031018582895276814,0.0016346247724977857,0.1749750996899313,0.17705708951747934,0.0020819898275480364,0.5904625785521451,0.589464370788811,-0.0009982077633341468,1.3725626751587843,1.366041276196058,-0.006521398962726188,0.37285857882115986,0.3719411559248958,-0.000917422896264064,0.011365956577962294,0.011910433539780848,0.020077587967059145,0.02123460151092357,0.033576079312144104,0.04514621475078836,0.011570135438644255,0.06036888314163207,0.22861226434356496,0.017037591596905557,-0.21157467274665942,0.038113387327298714,0.45470632273871914,0.45173438598879284,-0.002971936749926296,0.7077519907438916,0.006284171600989133,0.21770003856711814,0.21141586696612902,0.02511399986388076,0.2768211620045827,0.2683817690963951,-0.00843939290818757,0.1686517389232968
strata,group_name,LOW_LOW_LOW,,,,14606,,,,,,,,,,,,,,0.5124812780411394,0.5066968822526617,-0.00578439578847767,1.627592324056251,1.5093076278614748,-0.11828469619477633,0.09720106528995118,0.09141666950147354,-0.005784395788477642,0.5284788402001116,0.5219280223363156,-0.006550817863795966,0.40369254644210145,0.4140307636131271,0.010338217171025621,1.1921474408309882,1.1485664154590707,-0.04358102537191755,0.48817384210228787,0.5042010017721829,0.016027159669894986,0.0883198685471724,0.08763521840339586,0.07394221552786526,0.07312063535533342,0.047537541649550416,0.0699940663654206,0.022456524715870188,0.10879090784609065,0.2155050435893925,0.1323656944634625,-0.08313934912592999,0.11276187867999453,0.3054908941530878,0.3330366516043635,0.027545757451275743,0.43358893605367654,0.13708978045552056,0.1960153361632206,0.05892555570770003,0.17746131726687664,0.29437674015244875,0.2685882514035328,-0.025788488748915928,0.16739696015336164
strata,error_gap_quantile,q1,,,,20863,,,,,,,,,,,,,,0.06741870583365489,0.06736348841715775,-5.521741649713863e-05,642.7082050956595,642.7110181616088,0.0028130659492262566,0.0018121713420919802,0.0017569539255948327,-5.521741649714752e-05,0.0667971094606712,0.066571603892069,-0.00022550556860220783,0.6433878157503715,0.6622249916119446,0.018837175861573074,1.5803570873357164,1.5824373539135392,0.002080266577822787,0.2502992215801694,0.24724139442465018,-0.003057827155519194,0.0015817475914298039,0.0016296793366246465,0.0012462253750659062,0.0007189761779226382,0.00022368147757593186,0.0006231126875329531,0.00039943120995702123,0.0,0.33411621850484907,0.00094265765549857,-0.3331735608493505,0.0,0.6433878157503715,0.6622249916119446,0.018837175861573074,1.0,0.015370112959146176,0.3352985348863219,0.3199284219271757,0.0,0.0069021713080573265,0.0009107031587020084,-0.005991468149355318,0.0
strata,error_gap_quantile,q2,,,,9066,,,,,,,,,,,,,,0.3617247242645901,0.35765592530096424,-0.004068798963625886,0.9320606729144489,0.9313527223866349,-0.0007079505278140275,0.0426413389410237,0.03857253997739789,-0.0040687989636258096,0.38561200459163064,0.37955454664705507,-0.006057457944575573,0.2784763585557762,0.29366129862489887,0.015184940069122688,1.1715317452956502,1.1316471204733034,-0.03988462482234678,0.5081889818124109,0.5252486941401148,0.01705971232770387,0.03231855283476726,0.0328700639752923,0.031325832781822195,0.027244650341936908,0.08070446356349732,0.09743363482609016,0.016729171262592837,0.13368630046326935,0.2468563864990073,0.21023604676814472,-0.03662033973086257,0.15673946613721598,0.1813368630046327,0.22111919994117216,0.03978233693653946,0.31226560776527684,0.10644165012133246,0.12659019045518052,0.020148540333848067,0.2225898963159056,0.38466063681153023,0.34462092800941246,-0.04003970880211777,0.17471872931833224
strata,error_gap_quantile,q3,,,,14069,,,,,,,,,,,,,,0.47882202225680714,0.4767388977936903,-0.00208312446311687,1.0992305555727993,1.0994985927534573,0.00026803718065804283,0.05295116586343849,0.05086804140032158,-0.0020831244631169116,0.5090225706552777,0.5069148505865991,-0.0021077200686785424,0.3427867415357642,0.3462458833842728,0.0034591418485085956,1.0797900257935704,1.0488283608969438,-0.03096166489662666,0.5543820202484069,0.563483006241259,0.00910098599285214,0.04762243229796005,0.04748027578363778,0.03425971995166679,0.03276707655128296,0.06724003127443315,0.09007984457554434,0.022839813301111192,0.15274717463927784,0.2105811832160542,0.1864619612860426,-0.02411922193001162,0.19994313739427108,0.15551922666856208,0.17764825739806192,0.022129030729499843,0.2480631174923591,0.1023763830644206,0.10628568720828299,0.0039093041438623966,0.1545241310683062,0.46428317577652994,0.43952424953206815,-0.0247589262444618,0.24472243940578578
strata,error_gap_quantile,q4,,,,14190,,,,,,,,,,,,,,0.5550648366076546,0.5549986470072616,-6.618960039295185e-05,1.0704215992665433,1.0653976970261367,-0.005023902240406608,0.07843504695746245,0.0783688573570695,-6.618960039295185e-05,0.5808582114073528,0.5824414386343164,0.0015832272269635794,0.4693915903218229,0.46370683579985905,-0.005684754521963875,0.9550761136965961,0.937379762586115,-0.017696351110481068,0.6139245881975776,0.616175824242745,0.002251236045167415,0.06575052854122622,0.06652572233967582,0.044115574348132486,0.04693446088794926,0.05346488137185812,0.07895231383603477,0.025487432464176646,0.1507399577167019,0.17390180878552972,0.15943152454780363,-0.014470284237726089,0.20711768851303736,0.12889358703312193,0.14012215175005874,0.011228564716936812,0.17632135306553912,0.13577636833450787,0.134789758045572,-0.000986610288935874,0.15045806906272022,0.5079633544749824,0.4867042518205309,-0.021259102654451523,0.3153629316420014
strata,error_gap_quantile,q5,,,,16812,,,,,,,,,,,,,,0.7160316234478218,0.7010634184602921,-0.01496820498752971,18.059908380746165,15.460799725701067,-2.5991086550450984,0.21015151359880763,0.195183308611278,-0.014968204987529626,0.7194524126013627,0.7083836394797215,-0.011068773121641229,0.668332143706876,0.6662106431913711,-0.0021215005155048594,0.7037356633501223,0.6867073075957221,-0.017028355754400204,0.7285074786028918,0.7298822884774858,0.0013748098745940407,0.10831548893647394,0.10742326909350464,0.13871044492029502,0.140435403283369,0.044789436117059246,0.06919660559917519,0.024407169482115944,0.11402569593147752,0.09181933539535253,0.08981679752557697,-0.002002537869775556,0.13436830835117772,0.09215639622491871,0.09257276548497105,0.00041636926005234054,0.08392814656197954,0.26834007454992465,0.2619954001110318,-0.006344674438892861,0.28021651201522724,0.5028947577127448,0.486418431279245,-0.016476326433499833,0.387461337140138
strata,forecastability_cat,high,,,,28354,,,,,,,,,,,,,,0.23850065912880225,0.23719300003656207,-0.0013076590922401765,4.046882243522168,3.6965099484535204,-0.3503722950686474,0.04246104174123752,0.0411533826489973,-0.0013076590922402181,0.24828454347154402,0.2471188900697687,-0.001165653401775324,0.5837506759775223,0.5844325315652112,0.000681855587688962,1.2398964486579147,1.2339001339884474,-0.005996314669467262,0.44493938623350204,0.44122646537559845,-0.00371292085790359,0.014706919658601962,0.015024335190802002,0.026909783452070256,0.026839246667136912,0.03811337612564952,0.05457195927676283,0.016458583151113308,0.08877054383861184,0.20219369401142695,0.032952434694693285,-0.16924125931673367,0.06651618819214221,0.3599844819073147,0.36349956502315955,0.0035150831158448637,0.5729350356210764,0.007982412828289953,0.17500176341962334,0.16701935059133338,0.02779149326373704,0.3917260351273189,0.37397427758576096,-0.017751757541557944,0.24398673908443252
strata,forecastability_cat,low,,,,39753,,,,,,,,,,,,,,0.565715825795354,0.5591280784820964,-0.006587747313257508,342.9511701934729,342.103749951713,-0.8474202417598917,0.10776358178484328,0.1011758344715857,-0.0065877473132575914,0.5832421568842667,0.5782776356331666,-0.00496452125110014,0.4446037615609724,0.4544059567831359,0.009802195222163468,1.0790376943987474,1.0530461985445618,-0.025991495854185587,0.5448707309946256,0.5541230647924374,0.009252333797811874,0.07944054536764521,0.07913868135738183,0.06885014967423843,0.06892561567680426,0.04754358161648178,0.06496784309779556,0.017424261481313784,0.10952632505722838,0.2410132568611174,0.17945815410157723,-0.06155510275954018,0.1720373305159359,0.2285278259921683,0.25463906287995036,0.026111236887782052,0.3201267828843106,0.17095565114582548,0.20935946134044392,0.03840381019461844,0.2069529343697331,0.311959684384407,0.2915754785802329,-0.020384205804174105,0.191356627172792
strata,forecastability_cat,medium,,,,6893,,,,,,,,,,,,,,0.302545279879293,0.2995027993525529,-0.00304248052674011,0.5027874676464171,0.4898019423523775,-0.012985525294039624,0.047520409227872366,0.04447792870113222,-0.0030424805267401447,0.31384181737513966,0.3105788230952897,-0.00326299427984994,0.644276802553315,0.6521108370810967,0.007834034527781752,0.8873331269029745,0.8745773501978944,-0.012755776705080102,0.6255672018155524,0.6272262982298843,0.0016590964143319287,0.025388074858552153,0.025823298998984476,0.03626867836936022,0.03612360365588278,0.03240001934329513,0.046037042410174575,0.013637023066879445,0.07921079355868273,0.1260215677740703,0.036703902509792545,-0.08931766526427776,0.1025678224285507,0.19464190724889985,0.20823057207795348,0.013588664829053632,0.3084288408530393,0.3107016780308526,0.3874945596982446,0.07679288166739201,0.2934861453648629,0.33623482760288215,0.3215339233038348,-0.014700904299047357,0.21630639779486435
strata,season_strength_cat,moderate,,,,11042,,,,,,,,,,,,,,0.3905588333860406,0.38331994756761006,-0.007238885818430518,7.041803770309217,5.728634668452523,-1.313169101856694,0.07509666196929714,0.06785777615086663,-0.007238885818430504,0.3966830731344494,0.3941879763949183,-0.0024950967395310775,0.5743524723781923,0.5805107770331461,0.006158304654953817,0.953947075620518,0.9317908501736066,-0.022156225446911315,0.5965256486057674,0.6084664465004512,0.01194079789468383,0.03477630863973918,0.035410251765984425,0.03387067560224597,0.036134758195978986,0.02885950612811689,0.03151602970476363,0.0026565235766467417,0.05651150153957617,0.2550866388939202,0.17575318480951518,-0.07933345408440501,0.16265169353378012,0.23332125822616676,0.2578941013101491,0.02457284308398236,0.3099076254301757,0.3802149369075651,0.4366962506792248,0.056481313771659714,0.37819235645716354,0.10251765984423111,0.09814043349634728,-0.004377226347883831,0.09273682303930447
strata,season_strength_cat,strong,,,,8277,,,,,,,,,,,,,,0.2542445811565873,0.25315800583385933,-0.0010865753227279895,1.3327642294124225,1.345187770158359,0.012423540745936545,0.032454605862564885,0.031368030539836916,-0.0010865753227279687,0.2684011180273945,0.2682520852874081,-0.00014903273998639888,0.6236156417381499,0.6260319761588337,0.0024163344206837856,0.968752682231324,0.9777233934223913,0.008970711191067293,0.5788357506483753,0.5756198176286362,-0.0032159330197391034,0.01824332487616286,0.017397607828923523,0.020901292738915066,0.020659659296846683,0.027948934799242882,0.032862148121299985,0.004913213322057103,0.06729491361604446,0.4305505215255125,0.3364745680802223,-0.09407595344529018,0.2665216866014256,0.20430107526881722,0.22185977205911964,0.01755869679030242,0.29358463211308444,0.26724658692763076,0.3394949861060771,0.07224839917844633,0.26869638758004105,0.06995288147879666,0.06930852563328098,-0.0006443558455156845,0.10390238008940438
strata,season_strength_cat,weak,,,,55681,,,,,,,,,,,,,,0.4475469278480452,0.4433981779699395,-0.004148749878105651,245.37565767658336,244.84918942754055,-0.5264682490428072,0.0847251326456461,0.08057638276754048,-0.004148749878105623,0.46312146886578764,0.4590965237815908,-0.004024945084196818,0.4878384607556138,0.4945732535933861,0.0067347928377722854,1.1784189769327362,1.158290269747138,-0.020128707185598227,0.4886807443937282,0.491711149851509,0.0030304054577807715,0.05773962392916794,0.05773962392916794,0.05752411055835922,0.05711104326430919,0.04748477936818663,0.06873679232293481,0.021252012954748177,0.11199511503026167,0.17604449153810695,0.06457618696982215,-0.1114683045682848,0.09751980029094305,0.293924318887951,0.3085552821728537,0.01463096328490271,0.4533862538388319,0.04945433211807738,0.14948845506845543,0.10003412295037806,0.08329591781756793,0.433092078087678,0.4086432834659339,-0.024448794621744097,0.25380291302239544
strata,trend_strength_cat,moderate,,,,40223,,,,,,,,,,,,,,0.3850581227132795,0.3828775488593479,-0.002180573853931611,2.830697761284225,2.519940097476996,-0.3107576638072289,0.06969417185430239,0.06751359800037078,-0.002180573853931611,0.3997319428742523,0.39804583498786344,-0.0016861078863888435,0.5136281895101475,0.5180203697718552,0.004392180261707623,1.1804327224706184,1.1666166701945462,-0.013816052276072188,0.485173173168192,0.4866553997983886,0.001482226630196648,0.047659299405812594,0.047336101235611466,0.04912612187057156,0.04977251821097382,0.04371462430284497,0.061225335421690744,0.017510711118845772,0.10170797802252443,0.22405920327507478,0.10413610786531752,-0.11992309540975726,0.12296447306267558,0.2977732474786399,0.3123751750656755,0.014601927587035601,0.45275091365636577,0.0773189468711931,0.18343567942056369,0.10611673254937058,0.10660567337095692,0.3571339780722472,0.3388277022267525,-0.018306275845494713,0.2159709618874773
strata,trend_strength_cat,strong,,,,17445,,,,,,,,,,,,,,0.5551699895719099,0.5465722438618692,-0.008597745710040683,780.343948669344,778.7475307653813,-1.5964179039626742,0.1094638609404323,0.10086611523039175,-0.008597745710040544,0.5748165695857986,0.5681290317032958,-0.00668753788250287,0.48946211904079484,0.4990923855928155,0.00963026655202065,1.0556584429234717,1.044315121261036,-0.01134332166243568,0.5532124068930758,0.5511899770393838,-0.0020224298536920537,0.05531670965892806,0.05583261679564345,0.05755230725136142,0.057380338205789624,0.0530046813795739,0.07597210279927391,0.022967421419700013,0.13086844368013759,0.19814655584217064,0.12190694563867392,-0.07623961020349672,0.14961306964746346,0.19327409955096972,0.20892328269800325,0.015649183147033535,0.3173402120951562,0.035119900640107005,0.09895863189070411,0.06383873125059711,0.07366007451991975,0.5204547625871787,0.4942390369733448,-0.026215725613833896,0.328518200057323
strata,trend_strength_cat,weak,,,,17332,,,,,,,,,,,,,,0.35562313570335374,0.35087844339561197,-0.004744692307741771,1.418736513939581,1.224740073542796,-0.19399644039678487,0.06361172954247643,0.0588670372347347,-0.00474469230774173,0.36249157977867225,0.35854437498145064,-0.003947204797221604,0.546311254711901,0.5531387029771521,0.006827448265251057,1.0541708793957116,1.0231543958649019,-0.03101648353080977,0.5436291983622648,0.5580320200847817,0.014402821722516945,0.050080775444264945,0.05031156242787907,0.0444264943457189,0.043099469189937685,0.02948303715670436,0.038041387799061466,0.008558350642357104,0.060177705977382874,0.21426648203707976,0.11573967228248327,-0.09852680975459649,0.10823909531502424,0.30488883760289254,0.32629433033310257,0.02140549273021003,0.42407108239095315,0.3139472267097469,0.39528040618509114,0.08133317947534424,0.3153127163627971,0.13741441649357644,0.12464420340026156,-0.012770213093314886,0.0921993999538426
strata,cv_cat,highly_variable,,,,6495,,,,,,,,,,,,,,0.37357099080971873,0.3647211718394937,-0.00884981897022502,3.2744841947144985,2.7888701267241554,-0.4856140679903431,0.07620473602309517,0.06735491705287008,-0.00884981897022509,0.38005451060461376,0.37512072678772185,-0.004933783816891912,0.5017705927636643,0.5353861945085963,0.033615601744931944,1.0857329300322398,1.050831905049566,-0.03490102498267378,0.5299228630472459,0.5442658767865076,0.014343013739261723,0.05034642032332563,0.048190916089299464,0.043264049268668205,0.045727482678983834,0.02838080574801129,0.04536823197331281,0.016987426225301517,0.07159353348729793,0.22335129586861688,0.11460097510905826,-0.10875032075955862,0.10300230946882218,0.2589684372594303,0.31352322299204516,0.05455478573261485,0.40831408775981526,0.28031819348216575,0.33990248909417503,0.059584295612009286,0.2876058506543495,0.20898126764177571,0.18660508083140878,-0.022376186810366933,0.12948421862971515
strata,cv_cat,moderate,,,,17636,,,,,,,,,,,,,,0.5261821067506496,0.52323617205926,-0.0029459346913895956,4.728552100843938,4.170319071832776,-0.5582330290111619,0.09660116142614851,0.09365522673475904,-0.0029459346913894707,0.5438215077686838,0.5441793702717578,0.00035786250307401346,0.47499432977999545,0.4765819913812656,0.0015876616012701628,1.0273109465908143,1.0097647620526669,-0.01754618453814749,0.5688498981275611,0.5749344902604969,0.006084592132935773,0.0728056248582445,0.07393966885915174,0.0692333862553867,0.0705942390564754,0.049009601572541014,0.0648106146518485,0.01580101307930748,0.10694034928555228,0.24752400393135254,0.19615181069025478,-0.05137219324109776,0.19652982535722385,0.20023436909352083,0.21917290390867167,0.018938534815150843,0.2734180086187344,0.20129281016103426,0.2372042035230967,0.03591139336206245,0.2297006123837605,0.3019392152415514,0.28266046722612836,-0.01927874801542301,0.19341120435472897
strata,cv_cat,stable,,,,39999,,,,,,,,,,,,,,0.35012461377341636,0.34678895212737326,-0.0033356616460430977,321.9704490486238,321.39404911489,-0.5763999337337964,0.06310774958202138,0.05977208793597822,-0.00333566164604316,0.3638509709122912,0.3596213275257643,-0.004229643386526871,0.5411885297132428,0.5441969382567898,0.003008408543547003,1.2060100699290364,1.195864584958317,-0.010145484970719432,0.4682234973860313,0.46633089622620266,-0.001892601159828644,0.032850821270531766,0.03310082752068802,0.038425960649016225,0.038050951273781844,0.04105102627565689,0.06053484670450095,0.019483820428844056,0.10125253131328284,0.19397151595456552,0.0544846954507196,-0.13948682050384592,0.0865521638040951,0.3253331333283332,0.3312749485403802,0.005941815212047008,0.5088877221930548,0.02529229897414102,0.1599956665583306,0.1347033675841896,0.053826345658641465,0.4143520254673034,0.39370984274606863,-0.020642182721234748,0.24948123703092578
strata,cv_cat,variable,,,,10870,,,,,,,,,,,,,,0.5175775418309358,0.5104869535598144,-0.007090588271121412,70.68927052965827,69.98485653423535,-0.7044139954229252,0.10051237406796835,0.0934217857968469,-0.0070905882711214535,0.531355281736251,0.526021132627167,-0.00533414910908403,0.4953081876724931,0.5041704998466727,0.008862312174179598,0.9897616000639922,0.9576319691038644,-0.032129630960127775,0.5874457017290962,0.601171960399053,0.013726258669956803,0.07589696412143514,0.07442502299908003,0.06540938362465501,0.06310947562097516,0.046304814474087706,0.0541245016865992,0.007819687212511493,0.09346826126954921,0.23992640294388223,0.17831953388531124,-0.06160686905857099,0.1688132474701012,0.22143514259429622,0.2495246856792395,0.02808954308494327,0.30064397424103034,0.25590309720944493,0.2911683532658694,0.03526525605642444,0.27286108555657773,0.23643054277828887,0.22686292548298068,-0.009567617295308195,0.16421343146274148
strata,missing_ratio_cat,complete,,,,75000,,,,,,,,,,,,,,0.4178239136798498,0.41355815497163473,-0.0042657587082150505,183.35398509131252,182.77116559596715,-0.582819495345376,0.07753898966708864,0.0732732309588736,-0.004265758708215037,0.43185062740505675,0.42847866247945776,-0.0033719649255989914,0.51556,0.5217333333333334,0.006173333333333364,1.1222319548589617,1.105016154730193,-0.017215800128768555,0.5145078966481155,0.5181608035686944,0.0036529069205789577,0.05,0.05,0.05,0.05,0.04258666666666667,0.059297777777777776,0.016711111111111107,0.09889333333333333,0.2157688888888889,0.11095111111111111,-0.10481777777777779,0.12576,0.2751111111111111,0.2915288888888889,0.01641777777777781,0.41462666666666664,0.12218666666666667,0.21274222222222222,0.09055555555555556,0.14717333333333332,0.3443466666666667,0.32548,-0.018866666666666698,0.21354666666666666
